{
  "_generated": "Generated by SweetTooth, do not edit",
  "description": "A Gnome extension for monitoring battery level of AirPods and Beats Bluetooth headset\n\nNote: This extension is not compatible with Bluetooth configurations in BR/EDR-only mode. Dual mode is required. Please refer to the Readme documentation for more information.\n\nhttps://maniacx.github.io/Airpod-Battery-Monitor/",
  "gettext-domain": "Airpod-Battery-Monitor@maniacx.github.com",
  "name": "Airpod Battery Monitor",
  "settings-schema": "org.gnome.shell.extensions.Airpod-Battery-Monitor",
  "shell-version": [
    "45",
    "46",
    "47"
  ],
  "url": "https://github.com/maniacx/Airpod-Battery-Monitor",
  "uuid": "Airpod-Battery-Monitor@maniacx.github.com",
  "version": 18
}