<?xml version="1.0" encoding="UTF-8"?>
<schemalist>
  <schema id="org.gnome.shell.extensions.volume-scroller" path="/org/gnome/shell/extensions/volume-scroller/">
    <key name="granularity" type="i">
      <range min="1" max="50" />
      <default>5</default>
      <summary>Granularity</summary>
      <description>How many percentage points to increase or decrease the volume on each scroll tick.</description>
    </key>
    <key name="invert-scroll" type="b">
      <default>false</default>
      <summary>Invert Direction</summary>
      <description>Scrolling up decreases the volume, scrolling down increases it.</description>
    </key>
  </schema>
</schemalist>