{
  "_generated": "Generated by SweetTooth, do not edit",
  "description": "This extension add a switch to the WiFi menu, in the GNOME system menu, that show a QR Code of the active connection.\n\nThis can be useful for quickly connecting devices capable of reading QR Code and applying the settings to the system, without having to type in the name and the password of the WiFi. (e.g. Android Smartphone). \n\nFrom version 4 added a functionality to copy the QR Code to clipboard with right click on it.",
  "donations": {
    "kofi": "glerro"
  },
  "gettext-domain": "gnome-shell-extension-wifiqrcode",
  "name": "Wifi QR Code",
  "shell-version": [
    "45",
    "46",
    "47"
  ],
  "url": "https://gitlab.gnome.org/glerro/gnome-shell-extension-wifiqrcode",
  "uuid": "wifiqrcode@glerro.pm.me",
  "version": 16,
  "version-name": "2.3.0"
}