{
  "_generated": "Generated by SweetTooth, do not edit",
  "description": "Shows a tooltip over applications icons on applications overview with application name and/or description.",
  "gettext-domain": "applications-overview-tooltip",
  "name": "Applications Overview Tooltip",
  "settings-schema": "org.gnome.shell.extensions.applications-overview-tooltip",
  "shell-version": [
    "46",
    "47"
  ],
  "url": "https://github.com/RaphaelRochet/applications-overview-tooltip",
  "uuid": "applications-overview-tooltip@RaphaelRochet",
  "version": 22
}