<?xml version="1.0"?>

<interface domain="applications-overview-tooltip">

	<object class="GtkAdjustment" id="Adjust_1">
		<property name="lower">0</property>
		<property name="upper">1500</property>
		<property name="step_increment">5</property>
	</object>
	<object class="GtkAdjustment" id="Adjust_2">
		<property name="lower">0</property>
		<property name="upper">150</property>
		<property name="step_increment">5</property>
	</object>
	<object class="GtkAdjustment" id="Adjust_3">
		<property name="lower">0</property>
		<property name="upper">150</property>
		<property name="step_increment">5</property>
	</object>

	<object class="AdwPreferencesPage" id="page_basic">
		<property name="title" translatable="yes">Tooltip appearance</property>
		<property name="icon-name">preferences-system-symbolic</property>
		<child>
			<object class="AdwPreferencesGroup">
				<property name="title" translatable="yes">Show in tooltip</property>
					<child>
						<object class="AdwActionRow">
							<property name="title" translatable="yes">Application title / Group name</property>
							<property name="activatable-widget">field_title</property>
							<child>
								<object class="GtkSwitch" id="field_title">
									<property name="valign">3</property>
									<property name="active">true</property>
								</object>
							</child>
						</object>
					</child>
					<child>
						<object class="AdwActionRow">
							<property name="title" translatable="yes">Application description</property>
							<property name="activatable-widget">field_appdescription</property>
							<child>
								<object class="GtkSwitch" id="field_appdescription">
									<property name="valign">3</property>
									<property name="active">true</property>
								</object>
							</child>
						</object>
					</child>
					<child>
						<object class="AdwActionRow">
							<property name="title" translatable="yes">Application count on groups</property>
							<property name="activatable-widget">field_groupappcount</property>
							<child>
								<object class="GtkSwitch" id="field_groupappcount">
									<property name="valign">3</property>
									<property name="active">true</property>
								</object>
							</child>
						</object>
					</child>
			</object>
		</child>
		<child>
			<object class="AdwPreferencesGroup">
				<property name="title" translatable="yes">Tooltip style</property>
					<child>
						<object class="AdwActionRow">
							<property name="title" translatable="yes">Draw borders</property>
							<property name="activatable-widget">field_borders</property>
							<child>
								<object class="GtkSwitch" id="field_borders">
									<property name="valign">3</property>
									<property name="active">false</property>
								</object>
							</child>
						</object>
					</child>
			</object>
		</child>
	</object>

	<object class="AdwPreferencesPage" id="page_advanced">
		<property name="title" translatable="yes">Advanced settings</property>
		<property name="icon-name">preferences-other-symbolic</property>
		<child>
			<object class="AdwPreferencesGroup">
				<property name="title" translatable="yes">Accessibilty</property>
					<child>
						<object class="AdwActionRow">
							<property name="title" translatable="yes">Enable on keyboard navigation</property>
							<property name="activatable-widget">field_keyboard</property>
							<child>
								<object class="GtkSwitch" id="field_keyboard">
									<property name="valign">3</property>
									<property name="active">false</property>
								</object>
							</child>
						</object>
					</child>
			</object>
		</child>
		<child>
			<object class="AdwPreferencesGroup">
				<property name="title" translatable="yes">Timings</property>
					<child>
						<object class="AdwActionRow">
							<property name="title" translatable="yes">Hover time before the tooltip is displayed (in ms)</property>
							<property name="activatable-widget">field_hoverdelay</property>
							<child>
								<object class="GtkSpinButton" id="field_hoverdelay">
									<property name="adjustment">Adjust_1</property>
									<property name="valign">3</property>
								</object>
							</child>
						</object>
					</child>
					<child>
						<object class="AdwActionRow">
							<property name="title" translatable="yes">Tooltip display animation duration (in ms)</property>
							<property name="activatable-widget">field_labelshowtime</property>
							<child>
								<object class="GtkSpinButton" id="field_labelshowtime">
									<property name="adjustment">Adjust_2</property>
									<property name="valign">3</property>
								</object>
							</child>
						</object>
					</child>
					<child>
						<object class="AdwActionRow">
							<property name="title" translatable="yes">Tooltip dismiss animation duration (in ms)</property>
							<property name="activatable-widget">field_labelhidetime</property>
							<child>
								<object class="GtkSpinButton" id="field_labelhidetime">
									<property name="adjustment">Adjust_3</property>
									<property name="valign">3</property>
								</object>
							</child>
						</object>
					</child>
			</object>
		</child>
	</object>

	<object class="AdwPreferencesPage" id="page_about">
		<property name="title" translatable="yes">About</property>
		<property name="icon-name">help-about-symbolic</property>
		<child>
			<object class="AdwPreferencesGroup">
				<child>
					<object class="GtkBox">
						<property name="orientation">vertical</property>
						<property name="margin-top">12</property>
						<property name="margin-bottom">12</property>
						<property name="spacing">32</property>
						<child>
							<object class="GtkBox">
								<property name="orientation">horizontal</property>
								<property name="halign">3</property>
								<property name="spacing">12</property>
								<child>
									<object class="GtkLabel" id="about_name">
									</object>
								</child>
								<child>
									<object class="GtkLabel" id="about_version">
									</object>
								</child>
							</object>
						</child>
						<child>
							<object class="GtkLabel" id="about_description">
								<property name="wrap">true</property>
								<property name="justify">GTK_JUSTIFY_CENTER</property>
							</object>
						</child>
						<child>
							<object class="GtkLabel" id="about_url">
							</object>
						</child>
					</object>
				</child>
			</object>
		</child>
	</object>

</interface>
