{
  "_generated": "Generated by SweetTooth, do not edit",
  "description": "Adds a Hibernate button in Status menu. Using Alt modifier, you can also select Hybrid Sleep instead.",
  "gettext-domain": "hibernate-status-button",
  "name": "Hibernate Status Button",
  "settings-schema": "org.gnome.shell.extensions.hibernate-status-button",
  "shell-version": [
    "45",
    "46",
    "47"
  ],
  "url": "https://github.com/arelange/gnome-shell-extension-hibernate-status",
  "uuid": "hibernate-status@dromi",
  "version": 41
}