{
  "_generated": "Generated by SweetTooth, do not edit",
  "description": "Point out X11 windows in GNOME.\n\nThis small GNOME extension shows the X11 logo in the panel if the current session uses X11 instead of wayland or if the currently focused window uses xwayland.",
  "name": "XWayland Indicator",
  "shell-version": [
    "47"
  ],
  "url": "https://github.com/swsnr/gnome-shell-extension-xwayland-indicator",
  "uuid": "xwayland-indicator@swsnr.de",
  "version": 8,
  "version-name": "47.0"
}