{
  "_generated": "Generated by SweetTooth, do not edit",
  "description": "Update indicator for Arch Linux and GNOME Shell. Runs gnome-terminal by default, you can change in settings. \n** Note : you need to install the package pacman-contrib to use the checkupdates script. **\n  Can support AUR or other distros by changing command used to check for and apply updates.",
  "gettext-domain": "arch-update",
  "name": "Arch Linux Updates Indicator",
  "settings-schema": "org.gnome.shell.extensions.arch-update",
  "shell-version": [
    "46",
    "47"
  ],
  "url": "https://github.com/RaphaelRochet/arch-update",
  "uuid": "arch-update@RaphaelRochet",
  "version": 63
}