{
  "_generated": "Generated by SweetTooth, do not edit",
  "description": "Scroll up or down in the Top Bar to adjust volume. Supports configuring granularity (default step of 5%)\n\nThis is a fork of https://extensions.gnome.org/extension/4109/volume-scroller/ which is now unfortunately unmaintained/archived.",
  "name": "Volume Scroller",
  "original-author": "francislavoie",
  "settings-schema": "org.gnome.shell.extensions.volume-scroller",
  "shell-version": [
    "45",
    "46",
    "47"
  ],
  "url": "https://github.com/francislavoie/gnome-shell-volume-scroller",
  "uuid": "volume_scroller@francislavoie.github.io",
  "version": 10
}