{
  "_generated": "Generated by SweetTooth, do not edit",
  "description": "Display a label in your panel with the song/title/album/artist information available from an mpris compatible player. You can also control the player, raise/lower its volume, customize the label, and a lot more! This extension works with Spotify, Vlc, Rhythmbox, Firefox, Chromium, and (probably) any MPRIS compatible player.",
  "name": "Media Label and Controls (Mpris Label)",
  "settings-schema": "org.gnome.shell.extensions.mpris-label",
  "shell-version": [
    "47"
  ],
  "url": "https://github.com/Moon-0xff/gnome-mpris-label",
  "uuid": "mprisLabel@moon-0xff.github.com",
  "version": 37
}